timestamp,platform,market_title,action,price,score,tier,win_rate,factors
2026-02-14T18:01:32.928Z,Polymarket,"Will Lille OSC win on 2026-02-14?",BUY,0.62,15,low,N/A,"Trade size: $19k | Strong ask pressure (92% ask)"
2026-02-14T18:01:34.139Z,Polymarket,"Will Lille OSC win on 2026-02-14?",BUY,0.62,25,low,N/A,"Repeat actor (2 txns/1h) | Trade size: $19k | Strong ask pressure (91% ask)"
2026-02-14T18:01:35.551Z,Polymarket,"Will Lille OSC win on 2026-02-14?",BUY,0.62,25,low,N/A,"Repeat actor (3 txns/1h) | Trade size: $31k | Strong ask pressure (91% ask)"
2026-02-14T18:01:36.661Z,Polymarket,"Will Sweden win the Men's Ice Hockey gold medal at the 2026 Winter Olympics?",BUY,0.92,15,low,N/A,"Trade size: $14k | Strong bid pressure (89% bid)"
2026-02-14T18:01:37.771Z,Polymarket,"Will Lille OSC win on 2026-02-14?",BUY,0.6168256304358374,30,low,N/A,"Repeat actor (4 txns/1h) | Significant trade ($59k) | Strong ask pressure (91% ask)"
2026-02-14T18:01:39.081Z,Polymarket,"Will Lille OSC win on 2026-02-14?",BUY,0.38,30,low,N/A,"Trade size: $12k | Strong ask pressure (95% ask) | Contrarian: buying NO when YES is at 62%"
2026-02-14T18:01:40.192Z,Polymarket,"Will Lille OSC win on 2026-02-14?",BUY,0.62,30,low,N/A,"Heavy actor (5 txns/24h) | Trade size: $31k | Strong ask pressure (94% ask)"
2026-02-14T18:01:41.603Z,Polymarket,"Cesena FC vs. Venezia FC: O/U 2.5",BUY,0.5099949424300019,15,low,N/A,"Trade size: $18k | Strong ask pressure (88% ask)"
2026-02-14T18:01:42.611Z,Polymarket,"Will Lille OSC win on 2026-02-14?",BUY,0.6069787881095274,35,medium,N/A,"Heavy actor (6 txns/24h) | Significant trade ($53k) | Strong ask pressure (94% ask)"
2026-02-14T18:01:44.224Z,Polymarket,"Cesena FC vs. Venezia FC: O/U 2.5",BUY,0.5099968684793271,25,low,N/A,"Repeat actor (2 txns/1h) | Trade size: $29k | Strong ask pressure (89% ask)"
2026-02-14T18:01:45.336Z,Polymarket,"Will Lille OSC win on 2026-02-14?",BUY,0.61,30,low,N/A,"Heavy actor (7 txns/24h) | Trade size: $21k | Strong ask pressure (95% ask)"
2026-02-14T18:01:46.447Z,Polymarket,"Cesena FC vs. Venezia FC: O/U 2.5",BUY,0.51,35,medium,N/A,"Repeat actor (3 txns/1h) | Large trade ($194k) | Strong ask pressure (89% ask)"
2026-02-14T18:01:47.658Z,Polymarket,"Will Lille OSC win on 2026-02-14?",BUY,0.61,30,low,N/A,"Heavy actor (8 txns/24h) | Trade size: $12k | Strong ask pressure (91% ask)"
2026-02-14T18:01:48.969Z,Polymarket,"Will Newcastle United FC win on 2026-02-14?",BUY,0.62,25,low,N/A,"Large trade ($126k) | Strong ask pressure (84% ask)"
2026-02-14T18:01:49.978Z,Polymarket,"Will Lille OSC win on 2026-02-14?",BUY,0.61,30,low,N/A,"Heavy actor (9 txns/24h) | Trade size: $37k | Strong ask pressure (91% ask)"
2026-02-14T18:01:51.386Z,Polymarket,"Aston Villa FC vs. Newcastle United FC: O/U 3.5",BUY,0.6,25,low,N/A,"Repeat actor (2 txns/1h) | Trade size: $16k | Strong ask pressure (96% ask)"
2026-02-14T18:01:52.498Z,Polymarket,"Will Lille OSC win on 2026-02-14?",BUY,0.61,30,low,N/A,"Heavy actor (10 txns/24h) | Trade size: $31k | Strong ask pressure (88% ask)"
2026-02-14T18:01:53.607Z,Polymarket,"Will Lille OSC win on 2026-02-14?",BUY,0.61,30,low,N/A,"Heavy actor (11 txns/24h) | Trade size: $12k | Strong ask pressure (93% ask)"
2026-02-14T18:01:54.817Z,Polymarket,"US strikes Iran by March 31, 2026?",BUY,0.31,20,low,N/A,"Trade size: $14k | Contrarian: buying YES when YES is at 31%"
2026-02-14T18:01:56.226Z,Polymarket,"Will Lille OSC win on 2026-02-14?",BUY,0.61,30,low,N/A,"Heavy actor (12 txns/24h) | Trade size: $27k | Strong ask pressure (93% ask)"
2026-02-14T18:01:57.234Z,Polymarket,"Will Lille OSC win on 2026-02-14?",BUY,0.61,35,medium,N/A,"Heavy actor (13 txns/24h) | Significant trade ($61k) | Strong ask pressure (91% ask)"
2026-02-14T18:01:58.543Z,Polymarket,"Will Lille OSC win on 2026-02-14?",BUY,0.5999635994786129,30,low,N/A,"Heavy actor (14 txns/24h) | Trade size: $20k | Strong ask pressure (92% ask)"
2026-02-14T18:01:59.754Z,Polymarket,"Dota 2: Team Yandex vs Natus Vincere - Game 1 Winner",BUY,0.6,5,low,N/A,"Trade size: $11k"
2026-02-14T18:02:00.763Z,Polymarket,"Will Lille OSC win on 2026-02-14?",BUY,0.6,30,low,N/A,"Heavy actor (15 txns/24h) | Trade size: $12k | Strong ask pressure (92% ask)"
2026-02-14T18:02:02.478Z,Polymarket,"Will Sevilla FC vs. Deportivo Alavés end in a draw?",BUY,0.69,15,low,N/A,"Trade size: $14k | Strong ask pressure (88% ask)"
2026-02-14T18:02:03.791Z,Polymarket,"Will Newcastle United FC win on 2026-02-14?",BUY,0.3789176992336598,30,low,N/A,"Trade size: $21k | Strong ask pressure (98% ask) | Contrarian: buying YES when YES is at 16%"
2026-02-14T18:02:04.798Z,Polymarket,"Aston Villa FC vs. Newcastle United FC: O/U 3.5",BUY,0.41,25,low,N/A,"Repeat actor (4 txns/1h) | Trade size: $33k | Strong ask pressure (95% ask)"
2026-02-14T18:02:05.805Z,Polymarket,"Aston Villa FC vs. Newcastle United FC: O/U 3.5",BUY,0.4099982077720813,35,medium,N/A,"Heavy actor (5 txns/24h) | Significant trade ($98k) | Strong ask pressure (95% ask)"
2026-02-14T18:02:07.218Z,Polymarket,"Will Al Nassr Saudi Club win on 2026-02-14?",BUY,0.24,30,low,N/A,"Trade size: $23k | Strong ask pressure (97% ask) | Contrarian: buying NO when YES is at 84%"
2026-02-14T18:02:08.833Z,Polymarket,"Will FC Internazionale Milano win on 2026-02-14?",BUY,0.48094736816126815,5,low,N/A,"Trade size: $25k"
2026-02-14T18:02:10.850Z,Polymarket,"Will Al Nassr Saudi Club win on 2026-02-14?",BUY,0.76,15,low,N/A,"Trade size: $13k | Strong ask pressure (91% ask)"
2026-02-14T18:02:12.063Z,Polymarket,"Kansas Jayhawks vs. Iowa State Cyclones",BUY,0.76,15,low,N/A,"Trade size: $29k | Strong ask pressure (79% ask)"
2026-02-14T18:02:13.376Z,Polymarket,"Kansas Jayhawks vs. Iowa State Cyclones",BUY,0.75,15,low,N/A,"Trade size: $38k | Strong ask pressure (83% ask)"
2026-02-14T18:02:14.989Z,Polymarket,"Will Newcastle United FC win on 2026-02-14?",BUY,0.35886657010536216,30,low,N/A,"Trade size: $15k | Strong ask pressure (97% ask) | Contrarian: buying YES when YES is at 16%"
2026-02-14T18:02:16.200Z,Polymarket,"Games Total: O/U 2.5",BUY,0.63,15,low,N/A,"Repeat actor (3 txns/1h) | Trade size: $32k"
2026-02-14T18:02:17.613Z,Polymarket,"Dota 2: Team Yandex vs Natus Vincere (BO5) - BLAST Slam Playoffs",BUY,0.6917228014274893,15,low,N/A,"Trade size: $13k | Strong ask pressure (72% ask)"
2026-02-14T18:02:18.523Z,Polymarket,"Games Total: O/U 2.5",BUY,0.63,20,low,N/A,"Heavy actor (7 txns/24h) | Trade size: $13k"
2026-02-14T18:02:20.238Z,Polymarket,"Spread: Duke Blue Devils (-12.5)",BUY,0.54,15,low,N/A,"Trade size: $10k | Strong ask pressure (100% ask)"
2026-02-14T18:02:22.051Z,Polymarket,"Will SS Lazio vs. Atalanta BC end in a draw?",BUY,0.71,15,low,N/A,"Trade size: $14k | Strong ask pressure (75% ask)"
2026-02-14T18:02:23.160Z,Polymarket,"Will AZ win on 2026-02-14?",BUY,0.57,15,low,N/A,"Trade size: $15k | Strong ask pressure (92% ask)"
2026-02-14T18:02:25.277Z,Polymarket,"US strikes Iran by February 28, 2026?",BUY,0.89,15,low,N/A,"Trade size: $49k | Strong ask pressure (87% ask)"
2026-02-14T18:02:26.587Z,Polymarket,"Spread: Duke Blue Devils (-12.5)",BUY,0.49,15,low,N/A,"Trade size: $15k | Strong bid pressure (75% bid)"
2026-02-14T18:02:28.305Z,Polymarket,"SS Lazio vs. Atalanta BC: O/U 2.5",BUY,0.52,15,low,N/A,"Trade size: $10k | Strong ask pressure (94% ask)"
2026-02-14T18:02:29.613Z,Polymarket,"FC Internazionale Milano vs. Juventus FC: O/U 2.5",BUY,0.46,5,low,N/A,"Trade size: $11k"
2026-02-14T18:02:31.228Z,Polymarket,"SS Lazio vs. Atalanta BC: O/U 2.5",BUY,0.49,30,low,N/A,"Heavy actor (6 txns/24h) | Trade size: $28k | Strong ask pressure (95% ask)"
2026-02-14T18:02:32.538Z,Polymarket,"Clemson Tigers vs. Duke Blue Devils: O/U 133.5",BUY,0.5099999999869667,15,low,N/A,"Trade size: $18k | Strong ask pressure (99% ask)"
2026-02-14T18:02:33.954Z,Polymarket,"Will Racing Club de Lens win on 2026-02-14?",BUY,0.51,5,low,N/A,"Trade size: $11k"
2026-02-14T18:02:34.961Z,Polymarket,"SS Lazio vs. Atalanta BC: O/U 2.5",BUY,0.49,30,low,N/A,"Heavy actor (7 txns/24h) | Trade size: $43k | Strong ask pressure (95% ask)"
2026-02-14T18:02:35.970Z,Polymarket,"SS Lazio vs. Atalanta BC: O/U 2.5",BUY,0.4895897562044605,30,low,N/A,"Heavy actor (8 txns/24h) | Trade size: $22k | Strong ask pressure (95% ask)"
2026-02-14T18:02:37.481Z,Polymarket,"SS Lazio vs. Atalanta BC: O/U 2.5",BUY,0.4889966489712144,40,medium,N/A,"Heavy actor (9 txns/24h) | Large trade ($130k) | Strong ask pressure (95% ask)"
2026-02-14T18:02:38.892Z,Polymarket,"Spread: Duke Blue Devils (-12.5)",BUY,0.51,15,low,N/A,"Trade size: $13k | Strong ask pressure (100% ask)"
2026-02-14T18:02:40.504Z,Polymarket,"Will SS Lazio win on 2026-02-14?",BUY,0.73,25,low,N/A,"Repeat actor (3 txns/1h) | Trade size: $17k | Strong ask pressure (73% ask)"
2026-02-14T18:02:42.218Z,Polymarket,"Will Lille OSC win on 2026-02-14?",BUY,0.38,30,low,N/A,"Trade size: $13k | Strong ask pressure (92% ask) | Contrarian: buying NO when YES is at 62%"
2026-02-14T18:02:43.632Z,Polymarket,"Spread: Duke Blue Devils (-12.5)",BUY,0.5,15,low,N/A,"Trade size: $15k | Strong bid pressure (75% bid)"
2026-02-14T18:02:44.847Z,Polymarket,"SS Lazio vs. Atalanta BC: O/U 2.5",BUY,0.459637352,15,low,N/A,"Trade size: $23k | Strong ask pressure (95% ask)"
2026-02-14T18:02:47.568Z,Polymarket,"Will Aston Villa FC win on 2026-02-14?",BUY,0.4,15,low,N/A,"Trade size: $14k | Strong ask pressure (92% ask)"
2026-02-14T18:02:49.585Z,Polymarket,"Purdue Boilermakers vs. Iowa Hawkeyes",BUY,0.45,25,low,N/A,"Repeat actor (2 txns/1h) | Trade size: $11k | Strong ask pressure (74% ask)"
2026-02-14T18:02:52.311Z,Polymarket,"Spread: Real Madrid CF (-1.5)",BUY,0.51,25,low,N/A,"Repeat actor (3 txns/1h) | Trade size: $31k | Strong ask pressure (91% ask)"
2026-02-14T18:02:54.839Z,Polymarket,"FC Internazionale Milano vs. Juventus FC: O/U 2.5",BUY,0.54,15,low,N/A,"Repeat actor (4 txns/1h) | Trade size: $10k"
2026-02-14T18:02:56.155Z,Polymarket,"Will Real Madrid CF win on 2026-02-14?",BUY,0.74,15,low,N/A,"Trade size: $10k | Strong ask pressure (68% ask)"
2026-02-14T18:02:57.162Z,Polymarket,"FC Internazionale Milano vs. Juventus FC: O/U 2.5",BUY,0.54,20,low,N/A,"Heavy actor (5 txns/24h) | Trade size: $32k"
2026-02-14T18:02:59.787Z,Polymarket,"FC Internazionale Milano vs. Juventus FC: O/U 2.5",BUY,0.54,20,low,N/A,"Heavy actor (5 txns/24h) | Trade size: $18k"
2026-02-14T18:03:12.796Z,Polymarket,"Will the Fed decrease interest rates by 25 bps after the March 2026 meeting?",BUY,0.06,30,low,N/A,"Trade size: $39k | Strong ask pressure (96% ask) | Contrarian: buying YES when YES is at 7%"
2026-02-14T18:03:16.934Z,Polymarket,"Ethereum Up or Down - February 14, 3PM ET",BUY,0.5,5,low,N/A,"Trade size: $24k"
2026-02-14T18:03:18.144Z,Polymarket,"Ethereum Up or Down - February 14, 3PM ET",BUY,0.5,5,low,N/A,"Trade size: $33k"
2026-02-14T18:03:19.558Z,Polymarket,"Ethereum Up or Down - February 14, 2PM ET",BUY,0.5,25,low,N/A,"Repeat actor (2 txns/1h) | Trade size: $34k | Strong ask pressure (65% ask)"
2026-02-14T18:03:21.169Z,Polymarket,"Bitcoin Up or Down - February 14, 2PM ET",BUY,0.5,25,low,N/A,"Repeat actor (3 txns/1h) | Trade size: $19k | Strong ask pressure (68% ask)"
2026-02-14T18:03:22.581Z,Polymarket,"Bitcoin Up or Down - February 14, 1PM ET",BUY,0.5,25,low,N/A,"Repeat actor (4 txns/1h) | Trade size: $12k | Strong ask pressure (83% ask)"
2026-02-14T18:03:25.204Z,Polymarket,"Russia x Ukraine ceasefire by June 30, 2026?",BUY,0.76,15,low,N/A,"Trade size: $15k | Strong ask pressure (84% ask)"
2026-02-14T18:03:27.019Z,Polymarket,"Russia x Ukraine ceasefire by end of 2026?",BUY,0.58,20,low,N/A,"Significant trade ($70k) | Strong ask pressure (92% ask)"
2026-02-14T18:03:29.949Z,Polymarket,"Will Satoshi move any Bitcoin in 2026?",SELL,0.922,15,low,N/A,"Trade size: $14k | Strong ask pressure (80% ask)"
2026-02-14T18:03:33.577Z,Polymarket,"LoL: Vivo Keyd Stars vs Leviatan Esports (BO5) - CBLOL Cup Playoffs",BUY,0.7612084929728259,15,low,N/A,"Trade size: $13k | Strong ask pressure (98% ask)"
2026-02-14T18:03:34.990Z,Polymarket,"LoL: Vivo Keyd Stars vs Leviatan Esports (BO5) - CBLOL Cup Playoffs",SELL,0.74,15,low,N/A,"Trade size: $10k | Strong ask pressure (98% ask)"
2026-02-14T18:03:37.106Z,Polymarket,"Valorant: Gentle Mates vs Fnatic (BO5) - VCT EMEA Kickoff Playoffs",BUY,0.63,5,low,N/A,"Trade size: $14k"
2026-02-14T18:03:39.121Z,Polymarket,"Qatar Open, Qualification: Nikoloz Basilashvili vs Otto Virtanen",SELL,0.4900096084176991,15,low,N/A,"Repeat actor (2 txns/1h) | Trade size: $16k"
2026-02-14T18:03:40.430Z,Polymarket,"Set Handicap: Virtanen (-1.5) vs Basilashvili (+1.5)",SELL,0.5,15,low,N/A,"Repeat actor (3 txns/1h) | Trade size: $12k"
2026-02-14T18:03:42.047Z,Polymarket,"Qatar Open, Qualification: Roberto Carballes Baena vs Christopher O'Connell",SELL,0.5,25,low,N/A,"Repeat actor (2 txns/1h) | Trade size: $18k | Strong ask pressure (90% ask)"
2026-02-14T18:03:43.964Z,Polymarket,"Counter-Strike: TheMongolz vs paiN (BO3) - PGL Cluj-Napoca Group Stage",BUY,0.41,25,low,N/A,"Repeat actor (2 txns/1h) | Trade size: $19k | Strong ask pressure (74% ask)"
2026-02-14T18:03:45.780Z,Polymarket,"LoL: Sentinels vs Disguised (BO5) - LCS Lock In Playoffs",BUY,0.55,20,low,N/A,"Heavy actor (6 txns/24h) | Trade size: $48k"
2026-02-14T18:03:50.821Z,Polymarket,"Qatar Open, Qualification: Nikoloz Basilashvili vs Otto Virtanen",BUY,0.51,15,low,N/A,"Repeat actor (4 txns/1h) | Trade size: $28k"
2026-02-14T18:03:55.563Z,Polymarket,"Qatar Open, Qualification: Roberto Carballes Baena vs Christopher O'Connell",BUY,0.8651055110092911,25,low,N/A,"Repeat actor (4 txns/1h) | Trade size: $34k | Strong ask pressure (91% ask)"
2026-02-14T18:03:58.888Z,Polymarket,"US strikes Iran by March 31, 2026?",BUY,0.6935240222041431,15,low,N/A,"Trade size: $10k | Strong ask pressure (92% ask)"
2026-02-14T18:04:05.552Z,Polymarket,"Games Total: O/U 2.5",BUY,0.64,5,low,N/A,"Trade size: $32k"
2026-02-14T18:04:12.015Z,Polymarket,"Will Google have the best AI model at the end of February 2026?",BUY,0.2892488022482937,30,low,N/A,"Trade size: $11k | Strong ask pressure (83% ask) | Contrarian: buying YES when YES is at 27%"
2026-02-14T18:04:17.661Z,Polymarket,"Will Bitcoin reach $85,000 in February?",BUY,0.9544234060506854,25,low,N/A,"Repeat actor (2 txns/1h) | Trade size: $26k | Strong ask pressure (72% ask)"
2026-02-14T18:04:22.296Z,Polymarket,"US strikes Iran by February 28, 2026?",SELL,0.10641127579071397,15,low,N/A,"Repeat actor (2 txns/1h) | Trade size: $11k"
2026-02-14T18:04:26.535Z,Polymarket,"ICE Shooter fired/resigns by March 31?",BUY,0.8790366595408213,5,low,N/A,"Trade size: $13k"
2026-02-14T18:06:13.599Z,Polymarket,"Will Sevilla FC win on 2026-02-14?",BUY,0.7799933333333333,30,low,N/A,"Heavy actor (7 txns/24h) | Trade size: $12k | Strong ask pressure (77% ask)"
2026-02-14T18:06:15.528Z,Polymarket,"Will United States win the Men's Ice Hockey gold medal at the 2026 Winter Olympics?",BUY,0.68,25,low,N/A,"Repeat actor (2 txns/1h) | Trade size: $22k | Strong bid pressure (92% bid)"
2026-02-14T18:11:22.981Z,Polymarket,"Western Michigan Broncos vs. Eastern Michigan Eagles",BUY,0.73,15,low,N/A,"Repeat actor (2 txns/1h) | Trade size: $12k"
2026-02-14T18:32:03.150Z,Polymarket,"Bitcoin Up or Down - February 14, 1:15PM-1:30PM ET",BUY,0.987295550291454,30,low,N/A,"Heavy actor (5 txns/24h) | Trade size: $18k | Strong bid pressure (100% bid)"
2026-02-14T18:33:02.169Z,Kalshi,"Will Trump next nominate Judy Shelton as Fed Chair?",NO,0.04,15,low,N/A,"Trade size: $12k | Strong ask pressure (98% ask)"
2026-02-14T18:37:12.920Z,Polymarket,"Will Deportivo Alavés win on 2026-02-14?",BUY,0.85,30,low,N/A,"Heavy actor (8 txns/24h) | Trade size: $13k | Strong ask pressure (78% ask)"
2026-02-14T18:42:22.851Z,Polymarket,"Presbyterian Blue Hose vs. UNC Asheville Bulldogs: O/U 136.5",BUY,0.5496675516811955,25,low,N/A,"Repeat actor (3 txns/1h) | Trade size: $11k | Strong ask pressure (83% ask)"
2026-02-14T18:42:24.571Z,Polymarket,"Wagner Seahawks vs. Stonehill Skyhawks: O/U 130.5",BUY,0.5899525973869364,15,low,N/A,"Trade size: $13k | Strong ask pressure (78% ask)"
2026-02-14T18:42:26.603Z,Polymarket,"LoL: T1 vs BNK FEARX (BO5) - LCK Cup Playoffs",BUY,0.869999999996934,15,low,N/A,"Repeat actor (2 txns/1h) | Trade size: $23k"
2026-02-14T18:47:32.880Z,Polymarket,"Bitcoin Up or Down - February 14, 1:30PM-1:45PM ET",BUY,0.9881918897637796,15,low,N/A,"Trade size: $16k | Strong bid pressure (100% bid)"
2026-02-14T18:47:34.304Z,Polymarket,"Presbyterian Blue Hose vs. UNC Asheville Bulldogs: O/U 136.5",BUY,0.56,15,low,N/A,"Repeat actor (4 txns/1h) | Trade size: $17k"
2026-02-14T18:47:35.929Z,Polymarket,"Will Devin Booker win the 2026 NBA 3-point contest?",BUY,0.87,25,low,N/A,"Repeat actor (3 txns/1h) | Trade size: $24k | Strong ask pressure (73% ask)"
2026-02-14T18:47:37.446Z,Polymarket,"Will Real Madrid CF win on 2026-02-14?",BUY,0.71,15,low,N/A,"Trade size: $15k | Strong ask pressure (72% ask)"
2026-02-14T18:52:44.079Z,Polymarket,"Villanova Wildcats vs. Creighton Bluejays",BUY,0.43,30,low,N/A,"Heavy actor (13 txns/24h) | Trade size: $42k | Strong ask pressure (74% ask)"
2026-02-14T18:52:45.298Z,Polymarket,"LoL: Cloud9 vs FlyQuest (BO5) - LCS Lock In Playoffs",BUY,0.75,35,medium,N/A,"Heavy actor (14 txns/24h) | Significant trade ($75k) | Strong bid pressure (74% bid)"
2026-02-14T18:57:52.516Z,Polymarket,"Liberty Flames vs. UTEP Miners",BUY,0.7398425934328968,20,low,N/A,"Heavy actor (5 txns/24h) | Trade size: $10k"
2026-02-14T18:57:53.736Z,Polymarket,"Central Connecticut State Blue Devils vs. Fairleigh Dickinson Knights",BUY,0.5199972147063505,30,low,N/A,"Heavy actor (6 txns/24h) | Trade size: $13k | Strong ask pressure (72% ask)"
2026-02-14T19:03:02.770Z,Polymarket,"Will FC Internazionale Milano vs. Juventus FC end in a draw?",BUY,0.71,5,low,N/A,"Trade size: $11k"
2026-02-14T19:03:04.193Z,Polymarket,"Will FC Internazionale Milano win on 2026-02-14?",BUY,0.48,15,low,N/A,"Trade size: $10k | Strong ask pressure (66% ask)"
2026-02-14T19:08:13.295Z,Polymarket,"Liverpool FC vs. Brighton & Hove Albion FC: O/U 3.5",BUY,0.4593307260911464,40,medium,N/A,"Heavy actor (28 txns/24h) | Large trade ($104k) | Strong ask pressure (91% ask)"
2026-02-14T19:13:24.461Z,Polymarket,"Liverpool FC vs. Brighton & Hove Albion FC: O/U 3.5",BUY,0.4580056595448077,30,low,N/A,"Heavy actor (29 txns/24h) | Trade size: $43k | Strong ask pressure (94% ask)"
2026-02-14T19:18:32.655Z,Polymarket,"Liverpool FC vs. Brighton & Hove Albion FC: O/U 3.5",BUY,0.45,30,low,N/A,"Heavy actor (30 txns/24h) | Trade size: $26k | Strong ask pressure (92% ask)"
2026-02-14T19:18:33.975Z,Polymarket,"Will FC Internazionale Milano win on 2026-02-14?",BUY,0.49,5,low,N/A,"Trade size: $11k"
2026-02-14T19:28:53.873Z,Polymarket,"Real Madrid CF vs. Real Sociedad de Fútbol: O/U 2.5",BUY,0.61,30,low,N/A,"Heavy actor (9 txns/24h) | Trade size: $12k | Strong ask pressure (67% ask)"
2026-02-14T19:37:42.108Z,Kalshi,"TCU at Oklahoma St. Winner?",NO,0.85,15,low,N/A,"Trade size: $38k | Strong bid pressure (83% bid)"
2026-02-14T19:39:13.565Z,Polymarket,"LoL: Sentinels vs Disguised (BO5) - LCS Lock In Playoffs",BUY,0.4099999999939053,15,low,N/A,"Trade size: $20k | Strong ask pressure (78% ask)"
2026-02-14T19:39:14.986Z,Polymarket,"US strikes Iran by February 28, 2026?",SELL,0.88,15,low,N/A,"Trade size: $18k | Strong ask pressure (89% ask)"
2026-02-14T19:39:16.511Z,Polymarket,"Paris FC vs. Racing Club de Lens: O/U 2.5",BUY,0.53,5,low,N/A,"Trade size: $14k"
2026-02-14T19:39:17.625Z,Polymarket,"Paris FC vs. Racing Club de Lens: O/U 2.5",BUY,0.53,25,low,N/A,"Repeat actor (2 txns/1h) | Trade size: $13k | Strong ask pressure (73% ask)"
2026-02-14T19:44:23.977Z,Polymarket,"FC Internazionale Milano vs. Juventus FC: O/U 2.5",BUY,0.49,15,low,N/A,"Trade size: $15k | Strong ask pressure (69% ask)"
2026-02-14T19:44:25.197Z,Polymarket,"FC Internazionale Milano vs. Juventus FC: O/U 3.5",BUY,0.73,30,low,N/A,"Heavy actor (10 txns/24h) | Trade size: $35k | Strong ask pressure (88% ask)"
2026-02-14T19:44:26.213Z,Polymarket,"FC Internazionale Milano vs. Juventus FC: O/U 2.5",BUY,0.52,30,low,N/A,"Heavy actor (11 txns/24h) | Trade size: $13k | Strong ask pressure (93% ask)"
2026-02-14T19:44:27.228Z,Polymarket,"FC Internazionale Milano vs. Juventus FC: O/U 2.5",BUY,0.49,15,low,N/A,"Repeat actor (2 txns/1h) | Trade size: $25k"
2026-02-14T19:44:28.347Z,Polymarket,"FC Internazionale Milano vs. Juventus FC: O/U 2.5",BUY,0.49,15,low,N/A,"Repeat actor (3 txns/1h) | Trade size: $25k"
2026-02-14T19:44:29.362Z,Polymarket,"FC Internazionale Milano vs. Juventus FC: O/U 2.5",BUY,0.52,15,low,N/A,"Trade size: $12k | Strong ask pressure (91% ask)"
2026-02-14T19:44:30.481Z,Polymarket,"FC Internazionale Milano vs. Juventus FC: O/U 2.5",BUY,0.52,30,low,N/A,"Heavy actor (12 txns/24h) | Trade size: $30k | Strong ask pressure (91% ask)"
2026-02-14T19:44:31.596Z,Polymarket,"FC Internazionale Milano vs. Juventus FC: O/U 2.5",BUY,0.48,15,low,N/A,"Repeat actor (4 txns/1h) | Trade size: $36k"
2026-02-14T19:49:33.814Z,Polymarket,"Gil Vicente FC vs. SC Braga: O/U 2.5",BUY,0.609992199753128,40,medium,N/A,"Heavy actor (31 txns/24h) | Large trade ($123k) | Strong ask pressure (85% ask)"
2026-02-14T19:49:35.742Z,Polymarket,"Gil Vicente FC vs. SC Braga: O/U 2.5",BUY,0.6,25,low,N/A,"Large trade ($139k) | Strong ask pressure (85% ask)"
2026-02-14T19:49:36.964Z,Polymarket,"FC Internazionale Milano vs. Juventus FC: O/U 2.5",BUY,0.51,30,low,N/A,"Heavy actor (13 txns/24h) | Trade size: $14k | Strong ask pressure (97% ask)"
2026-02-14T19:49:37.978Z,Polymarket,"FC Internazionale Milano vs. Juventus FC: O/U 2.5",BUY,0.51,30,low,N/A,"Heavy actor (14 txns/24h) | Trade size: $12k | Strong ask pressure (97% ask)"
2026-02-14T19:49:39.499Z,Polymarket,"Paris FC vs. Racing Club de Lens: O/U 2.5",BUY,0.5299669002747466,15,low,N/A,"Repeat actor (3 txns/1h) | Trade size: $18k"
2026-02-14T19:54:43.696Z,Polymarket,"Will Lille OSC win on 2026-02-14?",SELL,0.999,15,low,N/A,"Trade size: $12k | Strong bid pressure (100% bid)"
2026-02-14T19:54:44.913Z,Polymarket,"Georgia State Panthers vs. Old Dominion Monarchs: O/U 147.5",BUY,0.49,15,low,N/A,"Trade size: $12k | Strong ask pressure (89% ask)"
2026-02-14T19:54:46.236Z,Polymarket,"Paris FC vs. Racing Club de Lens: O/U 2.5",BUY,0.47,15,low,N/A,"Trade size: $12k | Strong ask pressure (80% ask)"
2026-02-14T19:59:53.601Z,Polymarket,"Paris FC vs. Racing Club de Lens: O/U 2.5",BUY,0.47,25,low,N/A,"Repeat actor (2 txns/1h) | Trade size: $15k | Strong ask pressure (68% ask)"
2026-02-14T19:59:55.532Z,Polymarket,"Paris FC vs. Racing Club de Lens: O/U 2.5",SELL,0.53,20,low,N/A,"Heavy actor (5 txns/24h) | Trade size: $32k"
2026-02-14T19:59:56.544Z,Polymarket,"Paris FC vs. Racing Club de Lens: O/U 2.5",BUY,0.5285544166603191,15,low,N/A,"Repeat actor (4 txns/1h) | Trade size: $22k"
2026-02-14T19:59:57.966Z,Polymarket,"Paris FC vs. Racing Club de Lens: O/U 2.5",BUY,0.47,30,low,N/A,"Heavy actor (15 txns/24h) | Trade size: $15k | Strong ask pressure (68% ask)"
2026-02-14T19:59:59.487Z,Polymarket,"Will Real Madrid CF win on 2026-02-14?",BUY,0.71,15,low,N/A,"Trade size: $18k | Strong ask pressure (93% ask)"
2026-02-14T20:00:00.595Z,Polymarket,"Paris FC vs. Racing Club de Lens: O/U 2.5",BUY,0.47,30,low,N/A,"Heavy actor (16 txns/24h) | Trade size: $18k | Strong ask pressure (68% ask)"
2026-02-14T20:05:04.308Z,Polymarket,"Will FC Internazionale Milano vs. Juventus FC end in a draw?",BUY,0.7130722327418122,30,low,N/A,"Heavy actor (11 txns/24h) | Trade size: $20k | Strong ask pressure (89% ask)"
2026-02-14T20:05:05.326Z,Polymarket,"Will FC Internazionale Milano win on 2026-02-14?",BUY,0.4782645771597903,30,low,N/A,"Heavy actor (12 txns/24h) | Trade size: $13k | Strong ask pressure (88% ask)"
2026-02-14T20:05:06.141Z,Polymarket,"Paris FC vs. Racing Club de Lens: O/U 2.5",BUY,0.47,30,low,N/A,"Heavy actor (6 txns/24h) | Trade size: $19k | Strong ask pressure (95% ask)"
2026-02-14T20:05:07.455Z,Polymarket,"Bitcoin Up or Down - February 14, 2:45PM-3:00PM ET",BUY,0.99,5,low,N/A,"Trade size: $12k"
2026-02-14T20:05:08.569Z,Polymarket,"Paris FC vs. Racing Club de Lens: O/U 2.5",BUY,0.5299191037933002,30,low,N/A,"Heavy actor (5 txns/24h) | Trade size: $14k | Strong ask pressure (78% ask)"
2026-02-14T20:10:14.639Z,Polymarket,"Will Real Sociedad de Fútbol win on 2026-02-14?",SELL,0.11,15,low,N/A,"Trade size: $13k | Strong ask pressure (75% ask)"
2026-02-14T20:10:15.751Z,Polymarket,"Will Real Madrid CF win on 2026-02-14?",BUY,0.7099999999961163,30,low,N/A,"Heavy actor (13 txns/24h) | Trade size: $29k | Strong ask pressure (83% ask)"
2026-02-14T20:10:16.867Z,Polymarket,"Will Real Madrid CF vs. Real Sociedad de Fútbol end in a draw?",BUY,0.8297365915553054,30,low,N/A,"Heavy actor (14 txns/24h) | Trade size: $31k | Strong ask pressure (97% ask)"
2026-02-14T20:10:18.896Z,Polymarket,"Will Real Madrid CF win on 2026-02-14?",BUY,0.7199850322308545,45,medium,N/A,"Heavy actor (15 txns/24h) | Massive trade ($433k) | Strong ask pressure (83% ask)"
2026-02-14T20:15:24.094Z,Polymarket,"Bitcoin Up or Down - February 14, 3:00PM-3:15PM ET",BUY,0.9848318648788306,30,low,N/A,"Heavy actor (6 txns/24h) | Trade size: $13k | Strong bid pressure (100% bid)"
2026-02-14T20:15:25.009Z,Polymarket,"Will Real Madrid CF vs. Real Sociedad de Fútbol end in a draw?",BUY,0.83,30,low,N/A,"Heavy actor (17 txns/24h) | Trade size: $17k | Strong ask pressure (90% ask)"
2026-02-14T20:20:34.181Z,Polymarket,"Will Real Madrid CF vs. Real Sociedad de Fútbol end in a draw?",BUY,0.83,15,low,N/A,"Trade size: $25k | Strong ask pressure (81% ask)"
2026-02-14T20:20:35.605Z,Polymarket,"Will Real Sociedad de Fútbol win on 2026-02-14?",BUY,0.9633192862428654,5,low,N/A,"Trade size: $22k"
2026-02-14T20:20:36.721Z,Polymarket,"Will Real Madrid CF vs. Real Sociedad de Fútbol end in a draw?",BUY,0.83,30,low,N/A,"Heavy actor (18 txns/24h) | Trade size: $21k | Strong ask pressure (83% ask)"
2026-02-14T20:20:37.738Z,Polymarket,"Will Real Madrid CF vs. Real Sociedad de Fútbol end in a draw?",BUY,0.83,30,low,N/A,"Heavy actor (19 txns/24h) | Trade size: $23k | Strong ask pressure (82% ask)"
2026-02-14T20:20:39.157Z,Polymarket,"Will Real Madrid CF vs. Real Sociedad de Fútbol end in a draw?",BUY,0.83,20,low,N/A,"Significant trade ($56k) | Strong ask pressure (81% ask)"
2026-02-14T20:25:43.457Z,Polymarket,"Will Real Madrid CF win on 2026-02-14?",BUY,0.8,25,low,N/A,"Repeat actor (3 txns/1h) | Trade size: $20k | Strong ask pressure (83% ask)"
2026-02-14T20:30:54.405Z,Polymarket,"Bitcoin Up or Down - February 14, 3:15PM-3:30PM ET",BUY,0.99,15,low,N/A,"Trade size: $11k | Strong bid pressure (100% bid)"
2026-02-14T20:41:13.265Z,Polymarket,"Gil Vicente FC vs. SC Braga: O/U 2.5",BUY,0.62,25,low,N/A,"Repeat actor (2 txns/1h) | Trade size: $15k | Strong ask pressure (94% ask)"
2026-02-14T20:41:14.686Z,Polymarket,"Will Real Madrid CF win on 2026-02-14?",BUY,0.95,15,low,N/A,"Trade size: $16k | Strong ask pressure (72% ask)"
2026-02-14T20:41:16.412Z,Polymarket,"FC Internazionale Milano vs. Juventus FC: O/U 2.5",BUY,0.8,30,low,N/A,"Heavy actor (20 txns/24h) | Trade size: $22k | Strong ask pressure (89% ask)"
2026-02-14T20:46:22.628Z,Polymarket,"Louisville Cardinals vs. Baylor Bears: O/U 162.5",BUY,0.4826150451878709,15,low,N/A,"Trade size: $15k | Strong ask pressure (83% ask)"
2026-02-14T20:46:23.955Z,Polymarket,"Miami Hurricanes vs. North Carolina State Wolfpack: O/U 158.5",BUY,0.5184698189247746,15,low,N/A,"Trade size: $14k | Strong ask pressure (83% ask)"
2026-02-14T20:46:25.580Z,Polymarket,"LoL: T1 vs BNK FEARX (BO5) - LCK Cup Playoffs",BUY,0.8599999999989882,15,low,N/A,"Trade size: $17k | Strong ask pressure (67% ask)"
2026-02-14T20:51:33.449Z,Polymarket,"LoL: Sentinels vs Disguised (BO5) - LCS Lock In Playoffs",BUY,0.41,30,low,N/A,"Heavy actor (16 txns/24h) | Trade size: $26k | Strong ask pressure (89% ask)"
2026-02-14T21:06:11.967Z,Kalshi,"Houston wins by over 22.5 Points?",NO,0.56,5,low,N/A,"Trade size: $14k"
2026-02-14T21:07:04.180Z,Polymarket,"Men's Group C - USA vs. Denmark",BUY,0.8399892857142857,15,low,N/A,"Trade size: $12k | Strong ask pressure (80% ask)"
2026-02-14T21:07:05.288Z,Polymarket,"Men's Group C - USA vs. Denmark",BUY,0.84,25,low,N/A,"Repeat actor (2 txns/1h) | Trade size: $12k | Strong ask pressure (80% ask)"
2026-02-14T21:12:13.881Z,Polymarket,"SMU Mustangs vs. Syracuse Orange",BUY,0.989940068913588,30,low,N/A,"Heavy actor (17 txns/24h) | Trade size: $15k | Strong bid pressure (100% bid)"
2026-02-14T21:12:14.998Z,Polymarket,"SMU Mustangs vs. Syracuse Orange",BUY,0.93646913,30,low,N/A,"Heavy actor (18 txns/24h) | Trade size: $37k | Strong bid pressure (100% bid)"
2026-02-14T21:17:24.135Z,Polymarket,"Khamenei out as Supreme Leader of Iran by March 31?",BUY,0.85,15,low,N/A,"Trade size: $34k | Strong ask pressure (86% ask)"
2026-02-14T21:21:52.216Z,Polymarket,"Khamenei out as Supreme Leader of Iran by March 31?",BUY,0.85,15,low,N/A,"Trade size: $34k | Strong ask pressure (86% ask)"
2026-02-14T21:21:54.637Z,Polymarket,"Men's Group C - USA vs. Denmark",BUY,0.8399892857142857,15,low,N/A,"Trade size: $12k | Strong ask pressure (89% ask)"
2026-02-14T21:21:55.646Z,Polymarket,"Men's Group C - USA vs. Denmark",BUY,0.84,25,low,N/A,"Repeat actor (2 txns/1h) | Trade size: $12k | Strong ask pressure (89% ask)"
2026-02-14T21:21:58.473Z,Polymarket,"LoL: Sentinels vs Disguised (BO5) - LCS Lock In Playoffs",BUY,0.41,25,low,N/A,"Repeat actor (3 txns/1h) | Trade size: $26k | Strong ask pressure (90% ask)"
2026-02-14T21:21:59.989Z,Polymarket,"Louisville Cardinals vs. Baylor Bears: O/U 162.5",BUY,0.4826150451878709,15,low,N/A,"Trade size: $15k | Strong ask pressure (93% ask)"
2026-02-14T21:22:01.496Z,Polymarket,"Miami Hurricanes vs. North Carolina State Wolfpack: O/U 158.5",BUY,0.5184698189247746,15,low,N/A,"Trade size: $14k | Strong ask pressure (96% ask)"
2026-02-14T21:22:03.917Z,Polymarket,"LoL: T1 vs BNK FEARX (BO5) - LCK Cup Playoffs",BUY,0.8599999999989882,15,low,N/A,"Trade size: $17k | Strong ask pressure (76% ask)"
2026-02-14T21:22:05.230Z,Polymarket,"Gil Vicente FC vs. SC Braga: O/U 2.5",BUY,0.62,15,low,N/A,"Trade size: $15k | Strong ask pressure (94% ask)"
2026-02-14T21:22:06.540Z,Polymarket,"FC Internazionale Milano vs. Juventus FC: O/U 2.5",BUY,0.8,15,low,N/A,"Trade size: $22k | Strong ask pressure (94% ask)"
2026-02-14T21:22:09.671Z,Polymarket,"Will Real Sociedad de Fútbol win on 2026-02-14?",BUY,0.9633192862428654,15,low,N/A,"Trade size: $22k | Strong bid pressure (100% bid)"
2026-02-14T21:22:11.785Z,Polymarket,"Will Real Sociedad de Fútbol win on 2026-02-14?",SELL,0.11,15,low,N/A,"Trade size: $13k | Strong ask pressure (100% ask)"
2026-02-14T21:22:13.698Z,Polymarket,"Will FC Internazionale Milano vs. Juventus FC end in a draw?",BUY,0.7130722327418122,30,low,N/A,"Heavy actor (5 txns/24h) | Trade size: $20k | Strong ask pressure (92% ask)"
2026-02-14T21:22:14.906Z,Polymarket,"Will FC Internazionale Milano win on 2026-02-14?",BUY,0.4782645771597903,30,low,N/A,"Heavy actor (6 txns/24h) | Trade size: $13k | Strong ask pressure (91% ask)"
2026-02-14T21:22:16.620Z,Polymarket,"Paris FC vs. Racing Club de Lens: O/U 2.5",BUY,0.47,15,low,N/A,"Trade size: $19k | Strong ask pressure (97% ask)"
2026-02-14T21:22:18.534Z,Polymarket,"Paris FC vs. Racing Club de Lens: O/U 2.5",BUY,0.5299191037933002,15,low,N/A,"Trade size: $14k | Strong ask pressure (89% ask)"
2026-02-14T21:22:19.944Z,Polymarket,"Paris FC vs. Racing Club de Lens: O/U 2.5",BUY,0.47,25,low,N/A,"Repeat actor (2 txns/1h) | Trade size: $15k | Strong ask pressure (97% ask)"
2026-02-14T21:22:21.055Z,Polymarket,"Paris FC vs. Racing Club de Lens: O/U 2.5",SELL,0.53,25,low,N/A,"Repeat actor (2 txns/1h) | Trade size: $32k | Strong ask pressure (89% ask)"
2026-02-14T21:22:22.267Z,Polymarket,"Paris FC vs. Racing Club de Lens: O/U 2.5",BUY,0.5285544166603191,25,low,N/A,"Repeat actor (2 txns/1h) | Trade size: $22k | Strong ask pressure (89% ask)"
2026-02-14T21:22:23.477Z,Polymarket,"Paris FC vs. Racing Club de Lens: O/U 2.5",BUY,0.47,30,low,N/A,"Heavy actor (5 txns/24h) | Trade size: $15k | Strong ask pressure (97% ask)"
2026-02-14T21:22:24.788Z,Polymarket,"Paris FC vs. Racing Club de Lens: O/U 2.5",BUY,0.47,30,low,N/A,"Heavy actor (6 txns/24h) | Trade size: $18k | Strong ask pressure (97% ask)"
2026-02-14T21:22:26.502Z,Polymarket,"Georgia State Panthers vs. Old Dominion Monarchs: O/U 147.5",BUY,0.49,15,low,N/A,"Trade size: $12k | Strong ask pressure (96% ask)"
2026-02-14T21:22:27.609Z,Polymarket,"Paris FC vs. Racing Club de Lens: O/U 2.5",BUY,0.47,25,low,N/A,"Repeat actor (3 txns/1h) | Trade size: $12k | Strong ask pressure (97% ask)"
2026-02-14T21:22:29.023Z,Polymarket,"Gil Vicente FC vs. SC Braga: O/U 2.5",BUY,0.609992199753128,25,low,N/A,"Large trade ($123k) | Strong ask pressure (94% ask)"
2026-02-14T21:22:30.231Z,Polymarket,"Gil Vicente FC vs. SC Braga: O/U 2.5",BUY,0.6,35,medium,N/A,"Repeat actor (2 txns/1h) | Large trade ($139k) | Strong ask pressure (94% ask)"
2026-02-14T21:22:31.341Z,Polymarket,"FC Internazionale Milano vs. Juventus FC: O/U 2.5",BUY,0.51,30,low,N/A,"Heavy actor (7 txns/24h) | Trade size: $14k | Strong ask pressure (96% ask)"
2026-02-14T21:22:32.451Z,Polymarket,"FC Internazionale Milano vs. Juventus FC: O/U 2.5",BUY,0.51,30,low,N/A,"Heavy actor (8 txns/24h) | Trade size: $12k | Strong ask pressure (96% ask)"
2026-02-14T21:22:33.560Z,Polymarket,"Paris FC vs. Racing Club de Lens: O/U 2.5",BUY,0.5299669002747466,25,low,N/A,"Repeat actor (3 txns/1h) | Trade size: $18k | Strong ask pressure (89% ask)"
2026-02-14T21:22:34.769Z,Polymarket,"FC Internazionale Milano vs. Juventus FC: O/U 2.5",BUY,0.49,15,low,N/A,"Trade size: $15k | Strong ask pressure (94% ask)"
2026-02-14T21:22:35.777Z,Polymarket,"FC Internazionale Milano vs. Juventus FC: O/U 3.5",BUY,0.73,30,low,N/A,"Heavy actor (9 txns/24h) | Trade size: $35k | Strong ask pressure (90% ask)"
2026-02-14T21:22:36.885Z,Polymarket,"FC Internazionale Milano vs. Juventus FC: O/U 2.5",BUY,0.52,30,low,N/A,"Heavy actor (10 txns/24h) | Trade size: $13k | Strong ask pressure (97% ask)"
2026-02-14T21:22:37.993Z,Polymarket,"FC Internazionale Milano vs. Juventus FC: O/U 2.5",BUY,0.49,25,low,N/A,"Repeat actor (2 txns/1h) | Trade size: $25k | Strong ask pressure (95% ask)"
2026-02-14T21:22:39.002Z,Polymarket,"FC Internazionale Milano vs. Juventus FC: O/U 2.5",BUY,0.49,25,low,N/A,"Repeat actor (3 txns/1h) | Trade size: $25k | Strong ask pressure (95% ask)"
2026-02-14T21:22:40.312Z,Polymarket,"FC Internazionale Milano vs. Juventus FC: O/U 2.5",BUY,0.52,15,low,N/A,"Trade size: $12k | Strong ask pressure (96% ask)"
2026-02-14T21:22:41.421Z,Polymarket,"FC Internazionale Milano vs. Juventus FC: O/U 2.5",BUY,0.52,30,low,N/A,"Heavy actor (11 txns/24h) | Trade size: $30k | Strong ask pressure (96% ask)"
2026-02-14T21:22:42.429Z,Polymarket,"FC Internazionale Milano vs. Juventus FC: O/U 2.5",BUY,0.48,25,low,N/A,"Repeat actor (4 txns/1h) | Trade size: $36k | Strong ask pressure (96% ask)"
2026-02-14T21:22:43.538Z,Polymarket,"LoL: Sentinels vs Disguised (BO5) - LCS Lock In Playoffs",BUY,0.4099999999939053,15,low,N/A,"Trade size: $20k | Strong ask pressure (91% ask)"
2026-02-14T21:22:45.049Z,Polymarket,"US strikes Iran by February 28, 2026?",SELL,0.88,25,low,N/A,"Repeat actor (2 txns/1h) | Trade size: $18k | Strong ask pressure (91% ask)"
2026-02-14T21:22:46.159Z,Polymarket,"Paris FC vs. Racing Club de Lens: O/U 2.5",BUY,0.53,25,low,N/A,"Repeat actor (4 txns/1h) | Trade size: $14k | Strong ask pressure (90% ask)"
2026-02-14T21:22:47.271Z,Polymarket,"Paris FC vs. Racing Club de Lens: O/U 2.5",BUY,0.53,30,low,N/A,"Heavy actor (5 txns/24h) | Trade size: $13k | Strong ask pressure (90% ask)"
2026-02-14T21:22:49.188Z,Polymarket,"Liverpool FC vs. Brighton & Hove Albion FC: O/U 3.5",BUY,0.45,25,low,N/A,"Repeat actor (2 txns/1h) | Trade size: $26k | Strong ask pressure (97% ask)"
2026-02-14T21:22:50.398Z,Polymarket,"Will FC Internazionale Milano win on 2026-02-14?",BUY,0.49,15,low,N/A,"Trade size: $11k | Strong ask pressure (94% ask)"
2026-02-14T21:22:51.607Z,Polymarket,"Liverpool FC vs. Brighton & Hove Albion FC: O/U 3.5",BUY,0.4580056595448077,25,low,N/A,"Repeat actor (3 txns/1h) | Trade size: $43k | Strong ask pressure (97% ask)"
2026-02-14T21:22:53.325Z,Polymarket,"Men's Group C - USA vs. Denmark",BUY,0.96,15,low,N/A,"Trade size: $10k | Strong ask pressure (87% ask)"
2026-02-14T21:22:54.333Z,Polymarket,"Liverpool FC vs. Brighton & Hove Albion FC: O/U 3.5",BUY,0.4593307260911464,35,medium,N/A,"Repeat actor (4 txns/1h) | Large trade ($104k) | Strong ask pressure (97% ask)"
2026-02-14T21:22:55.744Z,Polymarket,"Will FC Internazionale Milano vs. Juventus FC end in a draw?",BUY,0.71,15,low,N/A,"Trade size: $11k | Strong ask pressure (92% ask)"
2026-02-14T21:22:56.853Z,Polymarket,"Will FC Internazionale Milano win on 2026-02-14?",BUY,0.48,15,low,N/A,"Trade size: $10k | Strong ask pressure (92% ask)"
2026-02-14T21:22:58.570Z,Polymarket,"LoL: Cloud9 vs FlyQuest (BO5) - LCS Lock In Playoffs",BUY,0.75,35,medium,N/A,"Heavy actor (6 txns/24h) | Significant trade ($75k) | Strong ask pressure (82% ask)"
2026-02-14T21:23:00.079Z,Polymarket,"Men's Group C - USA vs. Denmark",BUY,0.96,15,low,N/A,"Trade size: $12k | Strong ask pressure (89% ask)"
2026-02-14T21:23:01.691Z,Polymarket,"Will Devin Booker win the 2026 NBA 3-point contest?",BUY,0.87,15,low,N/A,"Trade size: $24k | Strong bid pressure (74% bid)"
2026-02-14T21:23:03.407Z,Polymarket,"LoL: T1 vs BNK FEARX (BO5) - LCK Cup Playoffs",BUY,0.869999999996934,15,low,N/A,"Trade size: $23k | Strong ask pressure (76% ask)"
2026-02-14T21:23:06.632Z,Polymarket,"Will United States win the Men's Ice Hockey gold medal at the 2026 Winter Olympics?",BUY,0.68,15,low,N/A,"Trade size: $22k | Strong bid pressure (84% bid)"
2026-02-14T21:23:08.751Z,Polymarket,"Will Sweden win the Men's Ice Hockey gold medal at the 2026 Winter Olympics?",BUY,0.92,25,low,N/A,"Repeat actor (2 txns/1h) | Trade size: $14k | Strong bid pressure (90% bid)"
2026-02-14T21:23:12.986Z,Polymarket,"US strikes Iran by March 31, 2026?",BUY,0.31,20,low,N/A,"Trade size: $14k | Contrarian: buying YES when YES is at 31%"
2026-02-14T21:23:16.815Z,Polymarket,"Will FC Internazionale Milano win on 2026-02-14?",BUY,0.48094736816126815,25,low,N/A,"Repeat actor (2 txns/1h) | Trade size: $25k | Strong ask pressure (87% ask)"
2026-02-14T21:23:21.662Z,Polymarket,"Dota 2: Team Yandex vs Natus Vincere (BO5) - BLAST Slam Playoffs",BUY,0.6917228014274893,5,low,N/A,"Trade size: $13k"
2026-02-14T21:23:23.273Z,Polymarket,"Men's Group C - USA vs. Denmark",BUY,0.96,15,low,N/A,"Trade size: $25k | Strong ask pressure (90% ask)"
2026-02-14T21:23:27.204Z,Polymarket,"US strikes Iran by February 28, 2026?",BUY,0.89,15,low,N/A,"Trade size: $49k | Strong ask pressure (91% ask)"
2026-02-14T21:23:28.817Z,Polymarket,"FC Internazionale Milano vs. Juventus FC: O/U 2.5",BUY,0.46,15,low,N/A,"Trade size: $11k | Strong bid pressure (100% bid)"
2026-02-14T21:23:31.035Z,Polymarket,"Will Racing Club de Lens win on 2026-02-14?",BUY,0.51,30,low,N/A,"Trade size: $11k | Strong ask pressure (100% ask) | Contrarian: buying NO when YES is at 92%"
2026-02-14T21:23:37.295Z,Polymarket,"Purdue Boilermakers vs. Iowa Hawkeyes",BUY,0.45,25,low,N/A,"Repeat actor (2 txns/1h) | Trade size: $11k | Strong ask pressure (76% ask)"
2026-02-14T21:23:42.434Z,Polymarket,"FC Internazionale Milano vs. Juventus FC: O/U 2.5",BUY,0.54,25,low,N/A,"Repeat actor (4 txns/1h) | Trade size: $10k | Strong ask pressure (100% ask)"
2026-02-14T21:23:43.544Z,Polymarket,"FC Internazionale Milano vs. Juventus FC: O/U 2.5",BUY,0.54,30,low,N/A,"Heavy actor (5 txns/24h) | Trade size: $32k | Strong ask pressure (100% ask)"
2026-02-14T21:23:46.673Z,Polymarket,"FC Internazionale Milano vs. Juventus FC: O/U 2.5",BUY,0.54,30,low,N/A,"Heavy actor (19 txns/24h) | Trade size: $18k | Strong ask pressure (100% ask)"
2026-02-14T21:23:59.283Z,Polymarket,"Men's Group C - USA vs. Denmark",BUY,0.9577096101040428,25,low,N/A,"Repeat actor (3 txns/1h) | Trade size: $35k | Strong ask pressure (89% ask)"
2026-02-14T21:24:01.700Z,Polymarket,"Will the Fed decrease interest rates by 25 bps after the March 2026 meeting?",BUY,0.06,30,low,N/A,"Trade size: $39k | Strong ask pressure (96% ask) | Contrarian: buying YES when YES is at 7%"
2026-02-14T21:24:10.177Z,Polymarket,"Russia x Ukraine ceasefire by June 30, 2026?",BUY,0.76,15,low,N/A,"Trade size: $15k | Strong ask pressure (85% ask)"
2026-02-14T21:24:13.904Z,Polymarket,"Russia x Ukraine ceasefire by end of 2026?",BUY,0.58,20,low,N/A,"Significant trade ($70k) | Strong ask pressure (92% ask)"
2026-02-14T21:24:16.529Z,Polymarket,"Will Satoshi move any Bitcoin in 2026?",SELL,0.922,15,low,N/A,"Trade size: $14k | Strong ask pressure (80% ask)"
2026-02-14T21:24:21.270Z,Polymarket,"Valorant: Gentle Mates vs Fnatic (BO5) - VCT EMEA Kickoff Playoffs",BUY,0.63,15,low,N/A,"Trade size: $14k | Strong ask pressure (97% ask)"
2026-02-14T21:24:22.986Z,Polymarket,"Qatar Open, Qualification: Nikoloz Basilashvili vs Otto Virtanen",SELL,0.4900096084176991,15,low,N/A,"Repeat actor (2 txns/1h) | Trade size: $16k"
2026-02-14T21:24:24.195Z,Polymarket,"Set Handicap: Virtanen (-1.5) vs Basilashvili (+1.5)",SELL,0.5,15,low,N/A,"Repeat actor (3 txns/1h) | Trade size: $12k"
2026-02-14T21:24:25.301Z,Polymarket,"Qatar Open, Qualification: Roberto Carballes Baena vs Christopher O'Connell",SELL,0.5,25,low,N/A,"Repeat actor (4 txns/1h) | Trade size: $18k | Strong ask pressure (90% ask)"
2026-02-14T21:24:27.822Z,Polymarket,"LoL: Sentinels vs Disguised (BO5) - LCS Lock In Playoffs",BUY,0.55,30,low,N/A,"Heavy actor (12 txns/24h) | Trade size: $48k | Strong ask pressure (91% ask)"
2026-02-14T21:24:32.258Z,Polymarket,"Qatar Open, Qualification: Nikoloz Basilashvili vs Otto Virtanen",BUY,0.51,15,low,N/A,"Repeat actor (4 txns/1h) | Trade size: $28k"
2026-02-14T21:24:34.983Z,Polymarket,"Qatar Open, Qualification: Roberto Carballes Baena vs Christopher O'Connell",BUY,0.8651055110092911,30,low,N/A,"Heavy actor (6 txns/24h) | Trade size: $34k | Strong ask pressure (90% ask)"
2026-02-14T21:24:36.899Z,Polymarket,"US strikes Iran by March 31, 2026?",BUY,0.6935240222041431,15,low,N/A,"Trade size: $10k | Strong ask pressure (94% ask)"
2026-02-14T21:24:40.832Z,Polymarket,"Will FC Internazionale Milano win on 2026-02-14?",BUY,0.9,30,low,N/A,"Heavy actor (21 txns/24h) | Trade size: $19k | Strong ask pressure (72% ask)"
2026-02-14T21:24:42.143Z,Polymarket,"Will FC Internazionale Milano win on 2026-02-14?",BUY,0.6,15,low,N/A,"Trade size: $17k | Strong ask pressure (72% ask)"
2026-02-14T21:29:44.270Z,Polymarket,"New Orleans Privateers vs. Houston Christian Huskies",BUY,0.49,20,low,N/A,"Heavy actor (6 txns/24h) | Trade size: $15k"
2026-02-14T21:32:13.317Z,Polymarket,"New Orleans Privateers vs. Houston Christian Huskies",BUY,0.49,15,low,N/A,"Trade size: $15k | Strong ask pressure (96% ask)"
2026-02-14T21:32:14.630Z,Polymarket,"Will FC Internazionale Milano win on 2026-02-14?",BUY,0.9,15,low,N/A,"Trade size: $19k | Strong ask pressure (96% ask)"
2026-02-14T21:32:15.941Z,Polymarket,"Will FC Internazionale Milano win on 2026-02-14?",BUY,0.6,15,low,N/A,"Trade size: $17k | Strong ask pressure (96% ask)"
2026-02-14T21:32:17.757Z,Polymarket,"Khamenei out as Supreme Leader of Iran by March 31?",BUY,0.85,15,low,N/A,"Trade size: $34k | Strong ask pressure (85% ask)"
2026-02-14T21:32:19.473Z,Polymarket,"Men's Group C - USA vs. Denmark",BUY,0.8399892857142857,15,low,N/A,"Trade size: $12k | Strong ask pressure (77% ask)"
2026-02-14T21:32:20.783Z,Polymarket,"Men's Group C - USA vs. Denmark",BUY,0.84,25,low,N/A,"Repeat actor (2 txns/1h) | Trade size: $12k | Strong ask pressure (77% ask)"
2026-02-14T21:32:23.002Z,Polymarket,"LoL: Sentinels vs Disguised (BO5) - LCS Lock In Playoffs",BUY,0.41,25,low,N/A,"Repeat actor (3 txns/1h) | Trade size: $26k | Strong ask pressure (90% ask)"
2026-02-14T21:32:24.311Z,Polymarket,"Louisville Cardinals vs. Baylor Bears: O/U 162.5",BUY,0.4826150451878709,15,low,N/A,"Trade size: $15k | Strong ask pressure (98% ask)"
2026-02-14T21:32:25.624Z,Polymarket,"Miami Hurricanes vs. North Carolina State Wolfpack: O/U 158.5",BUY,0.5184698189247746,15,low,N/A,"Trade size: $14k | Strong ask pressure (99% ask)"
2026-02-14T21:32:27.539Z,Polymarket,"LoL: T1 vs BNK FEARX (BO5) - LCK Cup Playoffs",BUY,0.8599999999989882,15,low,N/A,"Trade size: $17k | Strong ask pressure (76% ask)"
2026-02-14T21:32:28.849Z,Polymarket,"Gil Vicente FC vs. SC Braga: O/U 2.5",BUY,0.62,15,low,N/A,"Trade size: $15k | Strong ask pressure (96% ask)"
2026-02-14T21:32:32.782Z,Polymarket,"Will Real Sociedad de Fútbol win on 2026-02-14?",BUY,0.9633192862428654,15,low,N/A,"Trade size: $22k | Strong bid pressure (100% bid)"
2026-02-14T21:32:34.600Z,Polymarket,"Will Real Sociedad de Fútbol win on 2026-02-14?",SELL,0.11,15,low,N/A,"Trade size: $13k | Strong ask pressure (100% ask)"
2026-02-14T21:32:36.520Z,Polymarket,"Will FC Internazionale Milano vs. Juventus FC end in a draw?",BUY,0.7130722327418122,30,low,N/A,"Heavy actor (5 txns/24h) | Trade size: $20k | Strong ask pressure (96% ask)"
2026-02-14T21:32:37.524Z,Polymarket,"Will FC Internazionale Milano win on 2026-02-14?",BUY,0.4782645771597903,30,low,N/A,"Heavy actor (6 txns/24h) | Trade size: $13k | Strong ask pressure (98% ask)"
2026-02-14T21:32:40.551Z,Polymarket,"Georgia State Panthers vs. Old Dominion Monarchs: O/U 147.5",BUY,0.49,15,low,N/A,"Trade size: $12k | Strong ask pressure (96% ask)"
2026-02-14T21:32:42.064Z,Polymarket,"Gil Vicente FC vs. SC Braga: O/U 2.5",BUY,0.609992199753128,25,low,N/A,"Large trade ($123k) | Strong ask pressure (96% ask)"
2026-02-14T21:32:43.172Z,Polymarket,"Gil Vicente FC vs. SC Braga: O/U 2.5",BUY,0.6,35,medium,N/A,"Repeat actor (2 txns/1h) | Large trade ($139k) | Strong ask pressure (95% ask)"
2026-02-14T21:32:44.786Z,Polymarket,"FC Internazionale Milano vs. Juventus FC: O/U 3.5",BUY,0.73,30,low,N/A,"Heavy actor (10 txns/24h) | Trade size: $35k | Strong ask pressure (100% ask)"
2026-02-14T21:32:47.006Z,Polymarket,"LoL: Sentinels vs Disguised (BO5) - LCS Lock In Playoffs",BUY,0.4099999999939053,15,low,N/A,"Trade size: $20k | Strong ask pressure (90% ask)"
2026-02-14T21:32:48.522Z,Polymarket,"US strikes Iran by February 28, 2026?",SELL,0.88,25,low,N/A,"Repeat actor (2 txns/1h) | Trade size: $18k | Strong ask pressure (91% ask)"
2026-02-14T21:32:50.942Z,Polymarket,"Liverpool FC vs. Brighton & Hove Albion FC: O/U 3.5",BUY,0.45,25,low,N/A,"Repeat actor (2 txns/1h) | Trade size: $26k | Strong ask pressure (95% ask)"
2026-02-14T21:32:52.349Z,Polymarket,"Will FC Internazionale Milano win on 2026-02-14?",BUY,0.49,15,low,N/A,"Trade size: $11k | Strong ask pressure (96% ask)"
2026-02-14T21:32:53.460Z,Polymarket,"Liverpool FC vs. Brighton & Hove Albion FC: O/U 3.5",BUY,0.4580056595448077,25,low,N/A,"Repeat actor (3 txns/1h) | Trade size: $43k | Strong ask pressure (95% ask)"
2026-02-14T21:32:55.077Z,Polymarket,"Men's Group C - USA vs. Denmark",BUY,0.96,15,low,N/A,"Trade size: $10k | Strong ask pressure (79% ask)"
2026-02-14T21:32:56.082Z,Polymarket,"Liverpool FC vs. Brighton & Hove Albion FC: O/U 3.5",BUY,0.4593307260911464,35,medium,N/A,"Repeat actor (4 txns/1h) | Large trade ($104k) | Strong ask pressure (95% ask)"
2026-02-14T21:32:57.294Z,Polymarket,"Will FC Internazionale Milano vs. Juventus FC end in a draw?",BUY,0.71,15,low,N/A,"Trade size: $11k | Strong ask pressure (95% ask)"
2026-02-14T21:32:58.607Z,Polymarket,"Will FC Internazionale Milano win on 2026-02-14?",BUY,0.48,15,low,N/A,"Trade size: $10k | Strong ask pressure (96% ask)"
2026-02-14T21:33:01.330Z,Polymarket,"LoL: Cloud9 vs FlyQuest (BO5) - LCS Lock In Playoffs",BUY,0.75,35,medium,N/A,"Heavy actor (6 txns/24h) | Significant trade ($75k) | Strong ask pressure (82% ask)"
2026-02-14T21:33:02.841Z,Polymarket,"Men's Group C - USA vs. Denmark",BUY,0.96,15,low,N/A,"Trade size: $12k | Strong ask pressure (77% ask)"
2026-02-14T21:33:04.456Z,Polymarket,"Will Devin Booker win the 2026 NBA 3-point contest?",BUY,0.87,15,low,N/A,"Trade size: $24k | Strong bid pressure (74% bid)"
2026-02-14T21:33:06.272Z,Polymarket,"LoL: T1 vs BNK FEARX (BO5) - LCK Cup Playoffs",BUY,0.869999999996934,15,low,N/A,"Trade size: $23k | Strong ask pressure (76% ask)"
2026-02-14T21:33:09.698Z,Polymarket,"Will United States win the Men's Ice Hockey gold medal at the 2026 Winter Olympics?",BUY,0.68,15,low,N/A,"Trade size: $22k | Strong bid pressure (85% bid)"
2026-02-14T21:33:11.818Z,Polymarket,"Will Sweden win the Men's Ice Hockey gold medal at the 2026 Winter Olympics?",BUY,0.92,25,low,N/A,"Repeat actor (2 txns/1h) | Trade size: $14k | Strong bid pressure (86% bid)"
2026-02-14T21:33:15.554Z,Polymarket,"US strikes Iran by March 31, 2026?",BUY,0.31,20,low,N/A,"Trade size: $14k | Contrarian: buying YES when YES is at 31%"
2026-02-14T21:33:18.987Z,Polymarket,"Will FC Internazionale Milano win on 2026-02-14?",BUY,0.48094736816126815,25,low,N/A,"Repeat actor (2 txns/1h) | Trade size: $25k | Strong ask pressure (98% ask)"
2026-02-14T21:33:23.325Z,Polymarket,"Dota 2: Team Yandex vs Natus Vincere (BO5) - BLAST Slam Playoffs",BUY,0.6917228014274893,5,low,N/A,"Trade size: $13k"
2026-02-14T21:33:24.637Z,Polymarket,"Men's Group C - USA vs. Denmark",BUY,0.96,15,low,N/A,"Trade size: $25k | Strong ask pressure (78% ask)"
2026-02-14T21:33:28.264Z,Polymarket,"US strikes Iran by February 28, 2026?",BUY,0.89,15,low,N/A,"Trade size: $49k | Strong ask pressure (91% ask)"
2026-02-14T21:33:36.539Z,Polymarket,"Purdue Boilermakers vs. Iowa Hawkeyes",BUY,0.45,25,low,N/A,"Repeat actor (2 txns/1h) | Trade size: $11k | Strong ask pressure (74% ask)"
2026-02-14T21:33:56.703Z,Polymarket,"Men's Group C - USA vs. Denmark",BUY,0.9577096101040428,25,low,N/A,"Repeat actor (3 txns/1h) | Trade size: $35k | Strong ask pressure (79% ask)"
2026-02-14T21:33:58.518Z,Polymarket,"Will the Fed decrease interest rates by 25 bps after the March 2026 meeting?",BUY,0.06,30,low,N/A,"Trade size: $39k | Strong ask pressure (96% ask) | Contrarian: buying YES when YES is at 7%"
2026-02-14T21:34:06.681Z,Polymarket,"Russia x Ukraine ceasefire by June 30, 2026?",BUY,0.76,15,low,N/A,"Trade size: $15k | Strong ask pressure (85% ask)"
2026-02-14T21:34:08.698Z,Polymarket,"Russia x Ukraine ceasefire by end of 2026?",BUY,0.58,20,low,N/A,"Significant trade ($70k) | Strong ask pressure (92% ask)"
2026-02-14T21:34:11.119Z,Polymarket,"Will Satoshi move any Bitcoin in 2026?",SELL,0.922,15,low,N/A,"Trade size: $14k | Strong ask pressure (80% ask)"
2026-02-14T21:34:15.655Z,Polymarket,"Valorant: Gentle Mates vs Fnatic (BO5) - VCT EMEA Kickoff Playoffs",BUY,0.63,15,low,N/A,"Trade size: $14k | Strong ask pressure (98% ask)"
2026-02-14T21:34:17.269Z,Polymarket,"Qatar Open, Qualification: Nikoloz Basilashvili vs Otto Virtanen",SELL,0.4900096084176991,15,low,N/A,"Repeat actor (2 txns/1h) | Trade size: $16k"
2026-02-14T21:34:18.688Z,Polymarket,"Set Handicap: Virtanen (-1.5) vs Basilashvili (+1.5)",SELL,0.5,15,low,N/A,"Repeat actor (3 txns/1h) | Trade size: $12k"
2026-02-14T21:34:20.295Z,Polymarket,"Qatar Open, Qualification: Roberto Carballes Baena vs Christopher O'Connell",SELL,0.5,25,low,N/A,"Repeat actor (4 txns/1h) | Trade size: $18k | Strong ask pressure (90% ask)"
2026-02-14T21:34:23.121Z,Polymarket,"LoL: Sentinels vs Disguised (BO5) - LCS Lock In Playoffs",BUY,0.55,30,low,N/A,"Heavy actor (12 txns/24h) | Trade size: $48k | Strong ask pressure (94% ask)"
2026-02-14T21:34:27.861Z,Polymarket,"Qatar Open, Qualification: Nikoloz Basilashvili vs Otto Virtanen",BUY,0.51,15,low,N/A,"Repeat actor (4 txns/1h) | Trade size: $28k"
2026-02-14T21:34:30.385Z,Polymarket,"Qatar Open, Qualification: Roberto Carballes Baena vs Christopher O'Connell",BUY,0.8651055110092911,30,low,N/A,"Heavy actor (6 txns/24h) | Trade size: $34k | Strong ask pressure (90% ask)"
2026-02-14T21:34:32.502Z,Polymarket,"US strikes Iran by March 31, 2026?",BUY,0.6935240222041431,15,low,N/A,"Trade size: $10k | Strong ask pressure (94% ask)"
2026-02-14T21:34:54.482Z,Polymarket,"Will the Republican Party control the House after the 2026 Midterm elections?",BUY,0.83,15,low,N/A,"Trade size: $17k | Strong ask pressure (82% ask)"
2026-02-14T21:34:55.493Z,Polymarket,"Will Club Atlético de Madrid win on 2026-02-14?",BUY,0.6152466207743917,25,low,N/A,"Repeat actor (4 txns/1h) | Trade size: $50k | Strong ask pressure (78% ask)"
2026-02-14T21:40:12.898Z,Kalshi,"Marquette at Xavier Winner?",YES,0.9,15,low,N/A,"Trade size: $13k | Strong bid pressure (95% bid)"
2026-02-14T21:45:13.339Z,Polymarket,"Will Athletic Club win on 2026-02-15?",BUY,0.4409337605202891,20,low,N/A,"Heavy actor (5 txns/24h) | Trade size: $44k"
2026-02-14T22:00:44.490Z,Polymarket,"Valorant: MIBR vs G2 Esports (BO5) - VCT Americas Kickoff Playoffs",BUY,0.41,30,low,N/A,"Heavy actor (17 txns/24h) | Trade size: $35k | Strong ask pressure (93% ask)"
2026-02-14T22:00:45.496Z,Polymarket,"Valorant: MIBR vs G2 Esports (BO5) - VCT Americas Kickoff Playoffs",BUY,0.41,30,low,N/A,"Heavy actor (5 txns/24h) | Trade size: $23k | Strong ask pressure (92% ask)"
2026-02-14T22:31:43.725Z,Polymarket,"Bitcoin Up or Down - February 14, 5:15PM-5:30PM ET",BUY,0.986383407896242,30,low,N/A,"Heavy actor (5 txns/24h) | Trade size: $18k | Strong bid pressure (100% bid)"
2026-02-14T22:36:53.515Z,Polymarket,"Columbia Lions vs. Princeton Tigers: O/U 139.5",BUY,0.5361506112477458,15,low,N/A,"Trade size: $13k | Strong ask pressure (100% ask)"
2026-02-14T22:42:03.937Z,Polymarket,"Brown Bears vs. Dartmouth Big Green",BUY,0.61,30,low,N/A,"Heavy actor (8 txns/24h) | Trade size: $12k | Strong ask pressure (65% ask)"
2026-02-14T22:55:12.840Z,Kalshi,"Miami (FL) at North Carolina St. Winner?",YES,0.78,15,low,N/A,"Trade size: $16k | Strong bid pressure (81% bid)"
2026-02-14T22:55:14.059Z,Kalshi,"Miami (FL) at North Carolina St. Winner?",YES,0.77,15,low,N/A,"Trade size: $11k | Strong bid pressure (82% bid)"
2026-02-14T22:57:34.793Z,Polymarket,"Yale Bulldogs vs. Harvard Crimson: O/U 139.5",BUY,0.51,30,low,N/A,"Heavy actor (10 txns/24h) | Trade size: $13k | Strong ask pressure (87% ask)"
2026-02-14T22:58:02.884Z,Kalshi,"Will Damian Lillard win the 2026 3-Point Contest?",YES,0.99,15,low,N/A,"Trade size: $20k | Strong bid pressure (100% bid)"
2026-02-14T22:59:12.745Z,Kalshi,"Louisville at Baylor Winner?",YES,0.95,15,low,N/A,"Trade size: $19k | Strong bid pressure (99% bid)"
2026-02-14T23:02:44.622Z,Polymarket,"Spread: Tennessee Volunteers (-14.5)",BUY,0.5184156659738858,15,low,N/A,"Trade size: $17k | Strong ask pressure (97% ask)"
2026-02-14T23:18:13.823Z,Polymarket,"Yale Bulldogs vs. Harvard Crimson: O/U 139.5",BUY,0.51,15,low,N/A,"Trade size: $10k | Strong ask pressure (84% ask)"
2026-02-14T23:18:15.147Z,Polymarket,"Bitcoin Up or Down - February 14, 6:00PM-6:15PM ET",BUY,0.99,5,low,N/A,"Trade size: $10k"
2026-02-14T23:38:54.779Z,Polymarket,"LoL: Sentinels vs Disguised (BO5) - LCS Lock In Playoffs",BUY,0.7,30,low,N/A,"Heavy actor (19 txns/24h) | Trade size: $23k | Strong ask pressure (70% ask)"
2026-02-14T23:49:13.639Z,Polymarket,"Will China invade Taiwan by end of 2026?",BUY,0.8974637557134185,15,low,N/A,"Trade size: $25k | Strong ask pressure (87% ask)"
2026-02-14T23:49:15.466Z,Polymarket,"Bitcoin Up or Down - February 14, 6:30PM-6:45PM ET",BUY,0.9892253092293054,15,low,N/A,"Repeat actor (2 txns/1h) | Trade size: $10k"
2026-02-14T23:54:23.502Z,Polymarket,"Will Bitcoin reach $190,000 by December 31, 2026?",BUY,0.93,5,low,N/A,"Trade size: $12k"
2026-02-14T23:59:33.844Z,Polymarket,"UC Santa Barbara Gauchos vs. Cal Poly Mustangs: O/U 159.5",BUY,0.5099882259080886,30,low,N/A,"Heavy actor (11 txns/24h) | Trade size: $11k | Strong ask pressure (85% ask)"
2026-02-14T23:59:36.465Z,Polymarket,"Men's Group A - Switzerland vs. Czechia",BUY,0.55,5,low,N/A,"Trade size: $18k"
2026-02-15T00:04:44.006Z,Polymarket,"Men's Group C - Denmark vs. Latvia",BUY,0.47,5,low,N/A,"Trade size: $11k"
2026-02-15T00:04:45.217Z,Polymarket,"Bitcoin Up or Down - February 14, 6:45PM-7:00PM ET",BUY,0.99,5,low,N/A,"Trade size: $18k"
2026-02-15T00:08:32.762Z,Kalshi,"Tulsa at Wichita St. Winner?",YES,0.6,5,low,N/A,"Trade size: $15k"
2026-02-15T00:16:42.820Z,Kalshi,"Georgetown at UConn Winner?",YES,0.95,15,low,N/A,"Trade size: $20k | Strong bid pressure (91% bid)"
2026-02-15T00:19:32.918Z,Kalshi,"yes UConn,yes Utah St.,yes Alabama",YES,0.82,15,low,N/A,"Trade size: $17k | Strong ask pressure (100% ask)"
2026-02-15T00:20:14.092Z,Polymarket,"Dallas Open: Denis Shapovalov vs Ben Shelton",SELL,0.65,25,low,N/A,"Repeat actor (2 txns/1h) | Trade size: $22k | Strong ask pressure (84% ask)"
2026-02-15T00:30:34.526Z,Polymarket,"Bitcoin Up or Down - February 14, 7:15PM-7:30PM ET",BUY,0.99,15,low,N/A,"Trade size: $15k | Strong bid pressure (100% bid)"
2026-02-15T00:31:02.806Z,Kalshi,"Gonzaga at Santa Clara Winner?",YES,0.67,5,low,N/A,"Trade size: $13k"
2026-02-15T00:40:54.752Z,Polymarket,"Will Elon Musk post <40 tweets from February 14 to February 16, 2026?",BUY,0.9728917323414196,15,low,N/A,"Trade size: $14k | Strong ask pressure (83% ask)"
2026-02-15T00:46:04.945Z,Polymarket,"Bitcoin Up or Down - February 14, 7:30PM-7:45PM ET",BUY,0.99,30,low,N/A,"Heavy actor (6 txns/24h) | Trade size: $16k | Strong bid pressure (100% bid)"
2026-02-15T00:47:42.865Z,Kalshi,"Virginia at Ohio St. Winner?",YES,0.67,5,low,N/A,"Trade size: $15k"
2026-02-15T00:56:24.685Z,Polymarket,"Bitcoin Up or Down - February 14, 10PM ET",BUY,0.5,20,low,N/A,"Heavy actor (5 txns/24h) | Trade size: $27k"
2026-02-15T00:56:26.501Z,Polymarket,"Bitcoin Up or Down - February 14, 10PM ET",BUY,0.5,5,low,N/A,"Trade size: $11k"
2026-02-15T00:56:27.712Z,Polymarket,"Bitcoin Up or Down - February 14, 10PM ET",BUY,0.5,5,low,N/A,"Trade size: $11k"
2026-02-15T01:01:34.281Z,Polymarket,"Bitcoin Up or Down - February 14, 11PM ET",BUY,0.5,5,low,N/A,"Trade size: $10k"
2026-02-15T01:01:36.294Z,Polymarket,"Ethereum Up or Down - February 14, 10PM ET",BUY,0.5,5,low,N/A,"Trade size: $10k"
2026-02-15T01:22:13.757Z,Polymarket,"LoL: Sentinels vs Disguised (BO5) - LCS Lock In Playoffs",BUY,0.9857721570938874,15,low,N/A,"Trade size: $13k | Strong bid pressure (100% bid)"
2026-02-15T01:48:03.989Z,Polymarket,"Montana State Bobcats vs. Montana Grizzlies: O/U 144.5",BUY,0.53,30,low,N/A,"Heavy actor (18 txns/24h) | Trade size: $23k | Strong ask pressure (85% ask)"
2026-02-15T01:53:14.440Z,Polymarket,"Dallas Open: Denis Shapovalov vs Ben Shelton",BUY,0.954707455694495,30,low,N/A,"Heavy actor (5 txns/24h) | Trade size: $16k | Strong bid pressure (100% bid)"
2026-02-15T01:58:23.628Z,Polymarket,"Minnesota Golden Gophers vs. Washington Huskies: O/U 138.5",BUY,0.53,30,low,N/A,"Heavy actor (21 txns/24h) | Trade size: $11k | Strong ask pressure (71% ask)"
2026-02-15T02:03:34.919Z,Polymarket,"Minnesota Golden Gophers vs. Washington Huskies: O/U 138.5",BUY,0.5399682402252515,30,low,N/A,"Heavy actor (22 txns/24h) | Trade size: $11k | Strong ask pressure (96% ask)"
2026-02-15T02:08:44.767Z,Polymarket,"CD Guadalajara vs. CF América: O/U 2.5",BUY,0.57,30,low,N/A,"Heavy actor (24 txns/24h) | Trade size: $16k | Strong ask pressure (89% ask)"
2026-02-15T02:08:46.477Z,Polymarket,"Game Handicap: T1 (-2.5) vs BNK FEARX (+2.5)",BUY,0.64,5,low,N/A,"Trade size: $19k"
2026-02-15T02:08:47.589Z,Polymarket,"CD Guadalajara vs. CF América: O/U 2.5",BUY,0.559567629217119,30,low,N/A,"Heavy actor (25 txns/24h) | Trade size: $40k | Strong ask pressure (83% ask)"
2026-02-15T02:29:26.866Z,Polymarket,"Cal State Fullerton Titans vs. UC Irvine Anteaters: O/U 153.5",BUY,0.53,15,low,N/A,"Trade size: $11k | Strong ask pressure (85% ask)"
2026-02-15T02:29:29.081Z,Polymarket,"CD Guadalajara vs. CF América: O/U 2.5",BUY,0.58,40,medium,N/A,"Heavy actor (26 txns/24h) | Large trade ($130k) | Strong ask pressure (85% ask)"
2026-02-15T02:33:13.223Z,Kalshi,"Virginia at Ohio St. Winner?",YES,0.5,5,low,N/A,"Trade size: $17k"
2026-02-15T02:39:36.515Z,Polymarket,"Nevada Wolf Pack vs. San Diego State Aztecs: O/U 140.5",BUY,0.52,30,low,N/A,"Heavy actor (20 txns/24h) | Trade size: $16k | Strong ask pressure (87% ask)"
2026-02-15T02:52:43.610Z,Kalshi,"Gonzaga at Santa Clara Winner?",YES,0.32,15,low,N/A,"Trade size: $11k | Strong ask pressure (89% ask)"
2026-02-15T02:53:03.314Z,Kalshi,"Gonzaga at Santa Clara Winner?",YES,0.32,15,low,N/A,"Trade size: $15k | Strong ask pressure (88% ask)"
2026-02-15T02:55:08.785Z,Polymarket,"Game Handicap: T1 (-2.5) vs BNK FEARX (+2.5)",BUY,0.36,15,low,N/A,"Trade size: $18k | Strong ask pressure (90% ask)"
2026-02-15T03:00:15.236Z,Polymarket,"Will the Fed decrease interest rates by 25 bps after the March 2026 meeting?",BUY,0.07,30,low,N/A,"Trade size: $18k | Strong ask pressure (96% ask) | Contrarian: buying YES when YES is at 7%"
2026-02-15T03:05:25.346Z,Polymarket,"Will the Fed decrease interest rates by 25 bps after the March 2026 meeting?",SELL,0.93,15,low,N/A,"Trade size: $37k | Strong ask pressure (85% ask)"
2026-02-15T03:06:53.176Z,Kalshi,"Virginia at Ohio St. Winner?",NO,0.79,15,low,N/A,"Trade size: $19k | Strong bid pressure (94% bid)"
2026-02-15T03:10:36.617Z,Polymarket,"Will CD Guadalajara win on 2026-02-14?",BUY,0.44,15,low,N/A,"Trade size: $16k | Strong ask pressure (96% ask)"
2026-02-15T03:18:02.795Z,Kalshi,"Gonzaga at Santa Clara Winner?",YES,0.7,5,low,N/A,"Trade size: $19k"
2026-02-15T03:26:04.354Z,Polymarket,"US strikes Iran by February 28, 2026?",BUY,0.88,15,low,N/A,"Trade size: $14k | Strong ask pressure (87% ask)"
2026-02-15T03:41:35.705Z,Polymarket,"Will Club Atlético de Madrid win on 2026-02-14?",BUY,0.54,15,low,N/A,"Trade size: $10k | Strong ask pressure (80% ask)"
2026-02-15T03:57:05.367Z,Polymarket,"Will Arsenal FC win on 2026-02-15?",BUY,0.94391717224767,30,low,N/A,"Heavy actor (6 txns/24h) | Trade size: $36k | Strong ask pressure (95% ask)"
2026-02-15T04:02:14.627Z,Polymarket,"Men's Group C - USA vs. Germany",BUY,0.9164557347310526,30,low,N/A,"Heavy actor (7 txns/24h) | Trade size: $18k | Strong ask pressure (75% ask)"
2026-02-15T04:07:25.223Z,Polymarket,"Games Total: O/U 2.5",BUY,0.5,20,low,N/A,"Heavy actor (22 txns/24h) | Trade size: $50k"
2026-02-15T04:10:43.145Z,Kalshi,"Gonzaga at Santa Clara Winner?",YES,0.71,5,low,N/A,"Trade size: $19k"
2026-02-15T04:33:03.039Z,Kalshi,"Gonzaga at Santa Clara Winner?",YES,0.24,15,low,N/A,"Trade size: $12k | Strong ask pressure (74% ask)"
2026-02-15T04:33:05.737Z,Kalshi,"Gonzaga at Santa Clara Winner?",YES,0.24,15,low,N/A,"Trade size: $12k | Strong ask pressure (74% ask)"
2026-02-15T04:33:07.650Z,Kalshi,"Gonzaga at Santa Clara Winner?",YES,0.24,15,low,N/A,"Trade size: $12k | Strong ask pressure (73% ask)"
2026-02-15T04:37:13.036Z,Kalshi,"Vallecano vs Atletico Winner?",YES,0.55,5,low,N/A,"Trade size: $11k"
2026-02-15T04:37:15.855Z,Kalshi,"Vallecano vs Atletico Winner?",YES,0.55,5,low,N/A,"Trade size: $12k"
2026-02-15T04:37:18.970Z,Kalshi,"Vallecano vs Atletico Winner?",YES,0.55,5,low,N/A,"Trade size: $17k"
2026-02-15T04:38:24.790Z,Polymarket,"Will Club Atlético de Madrid win on 2026-02-14?",BUY,0.54,25,low,N/A,"Repeat actor (2 txns/1h) | Trade size: $23k | Strong ask pressure (77% ask)"
2026-02-15T04:43:02.859Z,Kalshi,"Nevada at San Diego St. Winner?",NO,0.94,15,low,N/A,"Trade size: $13k | Strong bid pressure (97% bid)"
2026-02-15T04:43:53.115Z,Kalshi,"West Indies vs Nepal Winner?",YES,0.86,15,low,N/A,"Trade size: $13k | Strong bid pressure (87% bid)"
2026-02-15T04:53:54.698Z,Polymarket,"LoL: T1 vs BNK FEARX (BO5) - LCK Cup Playoffs",BUY,0.86,15,low,N/A,"Trade size: $15k | Strong ask pressure (72% ask)"
2026-02-15T05:02:13.145Z,Kalshi,"Gonzaga at Santa Clara Winner?",YES,0.45,5,low,N/A,"Trade size: $13k"
2026-02-15T05:09:25.344Z,Polymarket,"Men's Group A - Switzerland vs. Czechia",BUY,0.45,5,low,N/A,"Trade size: $15k"
2026-02-15T05:09:26.915Z,Polymarket,"Men's Group A - Switzerland vs. Czechia",BUY,0.44,15,low,N/A,"Repeat actor (2 txns/1h) | Trade size: $28k"
2026-02-15T05:14:35.874Z,Polymarket,"Will Club Atlético de Madrid win on 2026-02-14?",BUY,0.47,15,low,N/A,"Trade size: $21k | Strong ask pressure (66% ask)"
2026-02-15T05:35:15.100Z,Polymarket,"T20 World Cup: Nepal vs West Indies (Game 1)",BUY,0.87,15,low,N/A,"Trade size: $11k | Strong bid pressure (70% bid)"
2026-02-15T05:35:17.066Z,Polymarket,"Bitcoin Up or Down - February 15, 12:25AM-12:30AM ET",BUY,0.986993542135164,5,low,N/A,"Trade size: $11k"
2026-02-15T05:56:32.910Z,Kalshi,"India vs Pakistan Winner?",YES,0.74,5,low,N/A,"Trade size: $19k"
2026-02-15T06:01:03.646Z,Polymarket,"Bitcoin Up or Down - February 15, 12:55AM-1:00AM ET",BUY,0.99,25,low,N/A,"Repeat actor (2 txns/1h) | Trade size: $11k | Strong bid pressure (100% bid)"
2026-02-15T06:01:05.894Z,Polymarket,"LoL: Ground Zero Gaming vs Deep Cross Gaming (BO5) - LCP Playoffs",BUY,0.33,30,low,N/A,"Heavy actor (23 txns/24h) | Trade size: $45k | Strong ask pressure (96% ask)"
2026-02-15T06:06:11.482Z,Polymarket,"Will Club Atlético de Madrid win on 2026-02-14?",BUY,0.54,15,low,N/A,"Trade size: $12k | Strong ask pressure (81% ask)"
2026-02-15T06:12:13.172Z,Kalshi,"USA vs Namibia Winner?",YES,0.68,15,low,N/A,"Trade size: $20k | Strong bid pressure (65% bid)"
2026-02-15T06:16:25.676Z,Polymarket,"Will there be no change in Fed interest rates after the March 2026 meeting?",SELL,0.92,15,low,N/A,"Trade size: $12k | Strong ask pressure (75% ask)"
2026-02-15T06:37:05.089Z,Polymarket,"LoL: T1 vs BNK FEARX (BO5) - LCK Cup Playoffs",BUY,0.86,5,low,N/A,"Trade size: $36k"
2026-02-15T06:42:13.402Z,Polymarket,"US strikes Iran by March 31, 2026?",BUY,0.32,20,low,N/A,"Trade size: $10k | Contrarian: buying YES when YES is at 32%"
2026-02-15T06:42:14.879Z,Polymarket,"US-Iran nuclear deal by June 30?",BUY,0.6839425166433858,15,low,N/A,"Trade size: $18k | Strong ask pressure (88% ask)"
2026-02-15T06:56:33.194Z,Kalshi,"Will Trump next nominate Kevin Warsh as Fed Chair?",YES,0.95,15,low,N/A,"Trade size: $48k | Strong bid pressure (94% bid)"
2026-02-15T07:49:24.852Z,Polymarket,"Will Bitcoin dip to $60,000 in February?",BUY,0.84,15,low,N/A,"Trade size: $12k | Strong ask pressure (78% ask)"
2026-02-15T07:54:35.012Z,Polymarket,"US strikes Iran by February 20, 2026?",BUY,0.949999999987804,20,low,N/A,"Significant trade ($74k) | Strong ask pressure (72% ask)"
2026-02-15T07:56:22.888Z,Kalshi,"Will Akshay Bhatia win the AT&T Pebble Beach Pro-Am?",YES,0.34,15,low,N/A,"Trade size: $18k | Strong ask pressure (91% ask)"
2026-02-15T08:01:12.920Z,Kalshi,"Will Janice Tjen win the Yastremska vs Tjen : Round Of 64 match?",YES,0.92,15,low,N/A,"Trade size: $11k | Strong bid pressure (98% bid)"
2026-02-15T08:04:54.552Z,Polymarket,"Counter-Strike: Natus Vincere vs MOUZ (BO3) - PGL Cluj-Napoca Group Stage",BUY,0.6183655894081086,30,low,N/A,"Heavy actor (6 txns/24h) | Trade size: $10k | Strong ask pressure (72% ask)"
2026-02-15T08:04:56.319Z,Polymarket,"LoL: T1 vs BNK FEARX (BO5) - LCK Cup Playoffs",BUY,0.8699999999968928,15,low,N/A,"Trade size: $14k | Strong ask pressure (81% ask)"
2026-02-15T08:06:12.878Z,Kalshi,"Will Janice Tjen win the Yastremska vs Tjen : Round Of 64 match?",YES,0.95,15,low,N/A,"Trade size: $14k | Strong bid pressure (99% bid)"
2026-02-15T08:46:14.330Z,Polymarket,"LoL: T1 vs BNK FEARX (BO5) - LCK Cup Playoffs",BUY,0.7224046648236115,15,low,N/A,"Trade size: $25k | Strong ask pressure (83% ask)"
2026-02-15T08:46:15.996Z,Polymarket,"LoL: T1 vs BNK FEARX (BO5) - LCK Cup Playoffs",BUY,0.7099999999853694,15,low,N/A,"Trade size: $14k | Strong ask pressure (83% ask)"
2026-02-15T08:56:35.815Z,Polymarket,"LoL: T1 vs BNK FEARX (BO5) - LCK Cup Playoffs",BUY,0.29998125,15,low,N/A,"Trade size: $24k | Strong ask pressure (81% ask)"
